[{"outputType":{"type":"APK"},"apkInfo":{"type":"FULL_SPLIT","splits":[{"filterType":"ABI","value":"x86"}],"versionCode":1},"path":"app-x86-debug.apk","properties":{"packageId":"kr.googu.googu","split":"","minSdkVersion":"14"}},{"outputType":{"type":"APK"},"apkInfo":{"type":"FULL_SPLIT","splits":[],"versionCode":1},"path":"app-universal-debug.apk","properties":{"packageId":"kr.googu.googu","split":"","minSdkVersion":"14"}},{"outputType":{"type":"APK"},"apkInfo":{"type":"FULL_SPLIT","splits":[{"filterType":"ABI","value":"armeabi-v7a"}],"versionCode":1},"path":"app-armeabi-v7a-debug.apk","properties":{"packageId":"kr.googu.googu","split":"","minSdkVersion":"14"}}]